timestamp,flow_liters,scenario
2026-09-01T00:00:00,0.13,normal
2026-09-01T01:00:00,0.01,normal
2026-09-01T02:00:00,0.06,normal
2026-09-01T03:00:00,0.04,normal
2026-09-01T04:00:00,0.15,normal
2026-09-01T05:00:00,0.14,normal
2026-09-01T06:00:00,4.68,normal
2026-09-01T07:00:00,2.26,normal
2026-09-01T08:00:00,3.27,normal
2026-09-01T09:00:00,0.54,normal
2026-09-01T10:00:00,0.83,normal
2026-09-01T11:00:00,1.26,normal
2026-09-01T12:00:00,0.54,normal
2026-09-01T13:00:00,0.8,normal
2026-09-01T14:00:00,1.47,normal
2026-09-01T15:00:00,1.32,normal
2026-09-01T16:00:00,0.83,normal
2026-09-01T17:00:00,1.38,normal
2026-09-01T18:00:00,4.43,normal
2026-09-01T19:00:00,2.02,normal
2026-09-01T20:00:00,4.42,normal
2026-09-01T21:00:00,4.09,normal
2026-09-01T22:00:00,0.07,normal
2026-09-01T23:00:00,0.03,normal
2026-09-02T00:00:00,0.19,normal
2026-09-02T01:00:00,0.07,normal
2026-09-02T02:00:00,0.02,normal
2026-09-02T03:00:00,0.02,normal
2026-09-02T04:00:00,0.17,normal
2026-09-02T05:00:00,0.12,normal
2026-09-02T06:00:00,4.42,normal
2026-09-02T07:00:00,4.19,normal
2026-09-02T08:00:00,3.61,normal
2026-09-02T09:00:00,1.96,normal
2026-09-02T10:00:00,1.07,normal
2026-09-02T11:00:00,1.33,normal
2026-09-02T12:00:00,1.74,normal
2026-09-02T13:00:00,1.43,normal
2026-09-02T14:00:00,1.79,normal
2026-09-02T15:00:00,1.37,normal
2026-09-02T16:00:00,1.56,normal
2026-09-02T17:00:00,0.57,normal
2026-09-02T18:00:00,2.68,normal
2026-09-02T19:00:00,2.87,normal
2026-09-02T20:00:00,2.24,normal
2026-09-02T21:00:00,2.7,normal
2026-09-02T22:00:00,0.02,normal
2026-09-02T23:00:00,0.06,normal
2026-09-03T00:00:00,0.13,normal
2026-09-03T01:00:00,0.07,normal
2026-09-03T02:00:00,0.07,normal
2026-09-03T03:00:00,0.04,normal
2026-09-03T04:00:00,0.05,normal
2026-09-03T05:00:00,0.19,normal
2026-09-03T06:00:00,3.94,normal
2026-09-03T07:00:00,3.83,normal
2026-09-03T08:00:00,2.51,normal
2026-09-03T09:00:00,1.59,normal
2026-09-03T10:00:00,0.75,normal
2026-09-03T11:00:00,1.07,normal
2026-09-03T12:00:00,1.98,normal
2026-09-03T13:00:00,1.46,normal
2026-09-03T14:00:00,1.34,normal
2026-09-03T15:00:00,1.53,normal
2026-09-03T16:00:00,1.76,normal
2026-09-03T17:00:00,1.66,normal
2026-09-03T18:00:00,2.69,normal
2026-09-03T19:00:00,2.1,normal
2026-09-03T20:00:00,2.95,normal
2026-09-03T21:00:00,2.8,normal
2026-09-03T22:00:00,0.04,normal
2026-09-03T23:00:00,0.19,normal
2026-09-04T00:00:00,0.18,normal
2026-09-04T01:00:00,0.06,normal
2026-09-04T02:00:00,0.13,normal
2026-09-04T03:00:00,0.08,normal
2026-09-04T04:00:00,0.18,normal
2026-09-04T05:00:00,0.09,normal
2026-09-04T06:00:00,2.79,normal
2026-09-04T07:00:00,2.74,normal
2026-09-04T08:00:00,3.68,normal
2026-09-04T09:00:00,0.89,normal
2026-09-04T10:00:00,1.38,normal
2026-09-04T11:00:00,1.85,normal
2026-09-04T12:00:00,1.1,normal
2026-09-04T13:00:00,0.83,normal
2026-09-04T14:00:00,2.0,normal
2026-09-04T15:00:00,1.26,normal
2026-09-04T16:00:00,0.64,normal
2026-09-04T17:00:00,0.57,normal
2026-09-04T18:00:00,2.33,normal
2026-09-04T19:00:00,3.88,normal
2026-09-04T20:00:00,4.38,normal
2026-09-04T21:00:00,3.27,normal
2026-09-04T22:00:00,0.01,normal
2026-09-04T23:00:00,0.08,normal
2026-09-05T00:00:00,0.2,normal
2026-09-05T01:00:00,0.11,normal
2026-09-05T02:00:00,0.19,normal
2026-09-05T03:00:00,0.17,normal
2026-09-05T04:00:00,0.0,normal
2026-09-05T05:00:00,0.14,normal
2026-09-05T06:00:00,4.05,normal
2026-09-05T07:00:00,3.61,normal
2026-09-05T08:00:00,2.8,normal
2026-09-05T09:00:00,1.46,normal
2026-09-05T10:00:00,0.67,normal
2026-09-05T11:00:00,1.15,normal
2026-09-05T12:00:00,1.18,normal
2026-09-05T13:00:00,1.93,normal
2026-09-05T14:00:00,1.81,normal
2026-09-05T15:00:00,0.9,normal
2026-09-05T16:00:00,1.25,normal
2026-09-05T17:00:00,0.77,normal
2026-09-05T18:00:00,4.74,normal
2026-09-05T19:00:00,4.61,normal
2026-09-05T20:00:00,2.9,normal
2026-09-05T21:00:00,3.92,normal
2026-09-05T22:00:00,0.12,normal
2026-09-05T23:00:00,0.03,normal
2026-09-06T00:00:00,0.15,normal
2026-09-06T01:00:00,0.11,normal
2026-09-06T02:00:00,0.16,normal
2026-09-06T03:00:00,0.11,normal
2026-09-06T04:00:00,0.0,normal
2026-09-06T05:00:00,0.06,normal
2026-09-06T06:00:00,2.06,normal
2026-09-06T07:00:00,4.79,normal
2026-09-06T08:00:00,4.64,normal
2026-09-06T09:00:00,1.75,normal
2026-09-06T10:00:00,0.96,normal
2026-09-06T11:00:00,0.59,normal
2026-09-06T12:00:00,1.82,normal
2026-09-06T13:00:00,1.92,normal
2026-09-06T14:00:00,0.63,normal
2026-09-06T15:00:00,1.23,normal
2026-09-06T16:00:00,0.6,normal
2026-09-06T17:00:00,1.64,normal
2026-09-06T18:00:00,4.3,normal
2026-09-06T19:00:00,2.39,normal
2026-09-06T20:00:00,3.43,normal
2026-09-06T21:00:00,3.65,normal
2026-09-06T22:00:00,0.05,normal
2026-09-06T23:00:00,0.17,normal
2026-09-07T00:00:00,0.08,normal
2026-09-07T01:00:00,0.04,normal
2026-09-07T02:00:00,0.11,normal
2026-09-07T03:00:00,0.15,normal
2026-09-07T04:00:00,0.04,normal
2026-09-07T05:00:00,0.06,normal
2026-09-07T06:00:00,4.99,normal
2026-09-07T07:00:00,3.95,normal
2026-09-07T08:00:00,3.31,normal
2026-09-07T09:00:00,1.28,normal
2026-09-07T10:00:00,0.68,normal
2026-09-07T11:00:00,0.84,normal
2026-09-07T12:00:00,1.01,normal
2026-09-07T13:00:00,1.38,normal
2026-09-07T14:00:00,0.85,normal
2026-09-07T15:00:00,0.83,normal
2026-09-07T16:00:00,0.61,normal
2026-09-07T17:00:00,1.45,normal
2026-09-07T18:00:00,2.69,normal
2026-09-07T19:00:00,4.72,normal
2026-09-07T20:00:00,4.58,normal
2026-09-07T21:00:00,2.21,normal
2026-09-07T22:00:00,0.05,normal
2026-09-07T23:00:00,0.13,normal
2026-09-08T00:00:00,0.04,normal
2026-09-08T01:00:00,0.03,normal
2026-09-08T02:00:00,0.19,normal
2026-09-08T03:00:00,0.11,normal
2026-09-08T04:00:00,0.09,normal
2026-09-08T05:00:00,0.16,normal
2026-09-08T06:00:00,4.42,normal
2026-09-08T07:00:00,2.57,normal
2026-09-08T08:00:00,2.29,normal
2026-09-08T09:00:00,1.15,normal
2026-09-08T10:00:00,1.14,normal
2026-09-08T11:00:00,1.2,normal
2026-09-08T12:00:00,1.59,normal
2026-09-08T13:00:00,1.51,normal
2026-09-08T14:00:00,1.98,normal
2026-09-08T15:00:00,0.65,normal
2026-09-08T16:00:00,1.1,normal
2026-09-08T17:00:00,1.01,normal
2026-09-08T18:00:00,4.59,normal
2026-09-08T19:00:00,2.75,normal
2026-09-08T20:00:00,2.57,normal
2026-09-08T21:00:00,3.35,normal
2026-09-08T22:00:00,0.08,normal
2026-09-08T23:00:00,0.06,normal
2026-09-09T00:00:00,0.05,normal
2026-09-09T01:00:00,0.18,normal
2026-09-09T02:00:00,0.09,normal
2026-09-09T03:00:00,0.17,normal
2026-09-09T04:00:00,0.11,normal
2026-09-09T05:00:00,0.01,normal
2026-09-09T06:00:00,5.0,normal
2026-09-09T07:00:00,4.51,normal
2026-09-09T08:00:00,4.91,normal
2026-09-09T09:00:00,1.89,normal
2026-09-09T10:00:00,1.77,normal
2026-09-09T11:00:00,0.75,normal
2026-09-09T12:00:00,1.23,normal
2026-09-09T13:00:00,0.82,normal
2026-09-09T14:00:00,1.1,normal
2026-09-09T15:00:00,0.59,normal
2026-09-09T16:00:00,1.07,normal
2026-09-09T17:00:00,1.98,normal
2026-09-09T18:00:00,2.8,normal
2026-09-09T19:00:00,4.35,normal
2026-09-09T20:00:00,3.37,normal
2026-09-09T21:00:00,3.27,normal
2026-09-09T22:00:00,0.19,normal
2026-09-09T23:00:00,0.2,normal
2026-09-10T00:00:00,4.33,hidden_leak
2026-09-10T01:00:00,3.83,hidden_leak
2026-09-10T02:00:00,4.27,hidden_leak
2026-09-10T03:00:00,4.36,hidden_leak
2026-09-10T04:00:00,4.1,hidden_leak
2026-09-10T05:00:00,4.45,hidden_leak
2026-09-10T06:00:00,2.47,normal
2026-09-10T07:00:00,4.88,normal
2026-09-10T08:00:00,2.24,normal
2026-09-10T09:00:00,0.78,normal
2026-09-10T10:00:00,1.39,normal
2026-09-10T11:00:00,1.51,normal
2026-09-10T12:00:00,0.85,normal
2026-09-10T13:00:00,0.68,normal
2026-09-10T14:00:00,1.84,normal
2026-09-10T15:00:00,0.87,normal
2026-09-10T16:00:00,1.39,normal
2026-09-10T17:00:00,1.43,normal
2026-09-10T18:00:00,3.26,normal
2026-09-10T19:00:00,3.75,normal
2026-09-10T20:00:00,3.57,normal
2026-09-10T21:00:00,4.8,normal
2026-09-10T22:00:00,0.04,normal
2026-09-10T23:00:00,0.14,normal
2026-09-11T00:00:00,3.94,hidden_leak
2026-09-11T01:00:00,3.93,hidden_leak
2026-09-11T02:00:00,4.32,hidden_leak
2026-09-11T03:00:00,3.97,hidden_leak
2026-09-11T04:00:00,4.7,hidden_leak
2026-09-11T05:00:00,3.73,hidden_leak
2026-09-11T06:00:00,2.8,normal
2026-09-11T07:00:00,4.8,normal
2026-09-11T08:00:00,4.64,normal
2026-09-11T09:00:00,1.82,normal
2026-09-11T10:00:00,1.05,normal
2026-09-11T11:00:00,0.74,normal
2026-09-11T12:00:00,1.75,normal
2026-09-11T13:00:00,1.56,normal
2026-09-11T14:00:00,1.42,normal
2026-09-11T15:00:00,1.98,normal
2026-09-11T16:00:00,1.48,normal
2026-09-11T17:00:00,0.51,normal
2026-09-11T18:00:00,4.45,normal
2026-09-11T19:00:00,2.9,normal
2026-09-11T20:00:00,3.99,normal
2026-09-11T21:00:00,4.82,normal
2026-09-11T22:00:00,0.03,normal
2026-09-11T23:00:00,0.02,normal
2026-09-12T00:00:00,4.07,hidden_leak
2026-09-12T01:00:00,4.16,hidden_leak
2026-09-12T02:00:00,3.85,hidden_leak
2026-09-12T03:00:00,3.89,hidden_leak
2026-09-12T04:00:00,4.5,hidden_leak
2026-09-12T05:00:00,3.76,hidden_leak
2026-09-12T06:00:00,3.27,normal
2026-09-12T07:00:00,2.83,normal
2026-09-12T08:00:00,2.01,normal
2026-09-12T09:00:00,1.66,normal
2026-09-12T10:00:00,1.46,normal
2026-09-12T11:00:00,0.89,normal
2026-09-12T12:00:00,1.61,normal
2026-09-12T13:00:00,1.33,normal
2026-09-12T14:00:00,1.14,normal
2026-09-12T15:00:00,0.51,normal
2026-09-12T16:00:00,0.61,normal
2026-09-12T17:00:00,1.82,normal
2026-09-12T18:00:00,4.71,normal
2026-09-12T19:00:00,3.64,normal
2026-09-12T20:00:00,4.5,normal
2026-09-12T21:00:00,3.75,normal
2026-09-12T22:00:00,0.03,normal
2026-09-12T23:00:00,0.03,normal
2026-09-13T00:00:00,4.46,hidden_leak
2026-09-13T01:00:00,4.52,hidden_leak
2026-09-13T02:00:00,3.89,hidden_leak
2026-09-13T03:00:00,3.65,hidden_leak
2026-09-13T04:00:00,4.54,hidden_leak
2026-09-13T05:00:00,4.2,hidden_leak
2026-09-13T06:00:00,2.46,normal
2026-09-13T07:00:00,4.79,normal
2026-09-13T08:00:00,4.59,normal
2026-09-13T09:00:00,1.96,normal
2026-09-13T10:00:00,1.72,normal
2026-09-13T11:00:00,1.82,normal
2026-09-13T12:00:00,0.54,normal
2026-09-13T13:00:00,1.6,normal
2026-09-13T14:00:00,1.0,normal
2026-09-13T15:00:00,1.9,normal
2026-09-13T16:00:00,1.7,normal
2026-09-13T17:00:00,1.8,normal
2026-09-13T18:00:00,4.43,normal
2026-09-13T19:00:00,2.8,normal
2026-09-13T20:00:00,4.36,normal
2026-09-13T21:00:00,2.32,normal
2026-09-13T22:00:00,0.17,normal
2026-09-13T23:00:00,0.17,normal
2026-09-14T00:00:00,4.36,hidden_leak
2026-09-14T01:00:00,3.9,hidden_leak
2026-09-14T02:00:00,3.89,hidden_leak
2026-09-14T03:00:00,3.7,hidden_leak
2026-09-14T04:00:00,4.43,hidden_leak
2026-09-14T05:00:00,3.97,hidden_leak
2026-09-14T06:00:00,3.92,normal
2026-09-14T07:00:00,3.2,normal
2026-09-14T08:00:00,4.94,normal
2026-09-14T09:00:00,1.3,normal
2026-09-14T10:00:00,1.91,normal
2026-09-14T11:00:00,0.67,normal
2026-09-14T12:00:00,1.96,normal
2026-09-14T13:00:00,0.77,normal
2026-09-14T14:00:00,1.94,normal
2026-09-14T15:00:00,0.9,normal
2026-09-14T16:00:00,0.66,normal
2026-09-14T17:00:00,1.15,normal
2026-09-14T18:00:00,4.19,normal
2026-09-14T19:00:00,2.94,normal
2026-09-14T20:00:00,3.82,normal
2026-09-14T21:00:00,3.53,normal
2026-09-14T22:00:00,0.08,normal
2026-09-14T23:00:00,0.12,normal
